{"cameraMode":{"drawMode":0,"name":"Shaded","section":"Shading Mode"},"sceneLighting":true,"audioPlay":false,"sceneViewState":{"showFog":true,"showMaterialUpdate":false,"showSkybox":true,"showFlares":true,"showImageEffects":true,"showParticleSystems":true},"in2DMode":false,"pivot":{"x":-0.9959999322891235,"y":-0.012000001966953278,"z":0.0},"rotation":{"x":-0.4407815933227539,"y":-0.06614258140325546,"z":0.03258931264281273,"w":-0.8945823311805725},"size":0.5715767741203308,"orthographic":false}